<?xml version="1.0" encoding="UTF-8"?>
<!DOCTYPE plist PUBLIC "-//Apple//DTD PLIST 1.0//EN" "http://www.apple.com/DTDs/PropertyList-1.0.dtd">
<plist version="1.0">
<dict>
	<key>files</key>
	<dict>
		<key>Resources/English.lproj/InfoPlist.strings</key>
		<dict>
			<key>hash</key>
			<data>
			udgkKOzmEt2finUgAuJx16uhuXc=
			</data>
			<key>optional</key>
			<true/>
		</dict>
		<key>Resources/English.lproj/MainMenu.nib</key>
		<dict>
			<key>hash</key>
			<data>
			8gJRraOW6wcii/iZXEu955EhJPc=
			</data>
			<key>optional</key>
			<true/>
		</dict>
		<key>Resources/GetFileInfo</key>
		<data>
		8Zu4QYvg9gnJ4q3U3U2Rxl133oQ=
		</data>
		<key>Resources/Scripts/ShowHiddenFilesMacOSX.scpt</key>
		<data>
		bM4Wumbif6tIDxH5UpueIIK6Lzw=
		</data>
		<key>Resources/SetFile</key>
		<data>
		45qEfOxA5YPLxA99HXJykpcFzLw=
		</data>
		<key>Resources/USB-Drive-icon.png</key>
		<data>
		moz17XjFF7Atj59giJfrzzwOokE=
		</data>
		<key>Resources/bfr.icns</key>
		<data>
		4+bFkO3gavxZBKPKibzYOpCsVMo=
		</data>
		<key>Resources/bir.icns</key>
		<data>
		Bq5VEp4cvyahZmQzCpCQIQ0+F7k=
		</data>
		<key>Resources/buf.icns</key>
		<data>
		kO65klbvZ2rDkx935nMLhru1Nfo=
		</data>
		<key>Resources/fic.icns</key>
		<data>
		5bMPh2PbYKKKCwciAXWpujY7lfg=
		</data>
		<key>Resources/icon.icns</key>
		<data>
		mqmyGqmQzpiSb0tv21F4276zFZs=
		</data>
		<key>Resources/mij.icns</key>
		<data>
		3VcWIz3yJJWY5ZonDXg4zR1uQKk=
		</data>
		<key>Resources/pfm.icns</key>
		<data>
		y9EmDI8mWEY+gTl1MZhYzP7AxO4=
		</data>
		<key>Resources/sel.icns</key>
		<data>
		2a1A1pMtBNknG/UhNlKL9XO3uMQ=
		</data>
		<key>Resources/zmf.icns</key>
		<data>
		P2dNfH7/RxJHenoydR867gg1SdY=
		</data>
	</dict>
	<key>rules</key>
	<dict>
		<key>^Resources/</key>
		<true/>
		<key>^Resources/.*\.lproj/</key>
		<dict>
			<key>optional</key>
			<true/>
			<key>weight</key>
			<real>1000</real>
		</dict>
		<key>^Resources/.*\.lproj/locversion.plist$</key>
		<dict>
			<key>omit</key>
			<true/>
			<key>weight</key>
			<real>1100</real>
		</dict>
		<key>^version.plist$</key>
		<true/>
	</dict>
</dict>
</plist>
